epoch,acc,loss,lr,val_acc,val_loss
0,0.54256,1.6801042938232422,0.001,0.6279,1.3828321863174438
1,0.66344,1.252494575653076,0.001,0.6716,1.222039563560486
